"RNA_gene","Ensembl_ID","has_IRES","n_sites_IRES","has_nTIS","n_sites_nTIS","has_uORF","n_sites_uORF"
"VTCN1","ENSG00000134258",FALSE,0,FALSE,0,TRUE,11
"C5AR2","ENSG00000134830",FALSE,0,FALSE,0,TRUE,2
"CDH11","ENSG00000140937",FALSE,0,TRUE,8,TRUE,23
"CCR10","ENSG00000184451",FALSE,0,FALSE,0,FALSE,0
"ICAM2","ENSG00000108622",FALSE,0,FALSE,0,TRUE,13
"ITGAE","ENSG00000083457",FALSE,0,FALSE,0,FALSE,0
"ENG","ENSG00000106991",FALSE,0,TRUE,1,TRUE,13
"VCAM1","ENSG00000162692",FALSE,0,FALSE,0,FALSE,0
"LAMP1","ENSG00000185896",FALSE,0,FALSE,0,FALSE,0
"CD109","ENSG00000156535",FALSE,0,FALSE,0,FALSE,0
"MPL","ENSG00000117400",FALSE,0,FALSE,0,FALSE,0
"NECTIN2","ENSG00000130202",FALSE,0,FALSE,0,FALSE,0
"CSF1R","ENSG00000182578",FALSE,0,FALSE,0,TRUE,9
"KIT","ENSG00000157404",FALSE,0,FALSE,0,FALSE,0
"IFNGR1","ENSG00000027697",FALSE,0,FALSE,0,TRUE,9
"ITGAL","ENSG00000005844",FALSE,0,FALSE,0,FALSE,0
"ITGAM","ENSG00000169896",FALSE,0,FALSE,0,FALSE,0
"ITGAX","ENSG00000140678",FALSE,0,FALSE,0,FALSE,0
"IL2RB","ENSG00000100385",FALSE,0,FALSE,0,TRUE,34
"IL3RA","ENSG00000185291",FALSE,0,FALSE,0,TRUE,1
"IL4R","ENSG00000077238",FALSE,0,FALSE,0,TRUE,48
"IL6R","ENSG00000160712",FALSE,0,FALSE,0,TRUE,12
"IL7R","ENSG00000168685",FALSE,0,FALSE,0,FALSE,0
"ANPEP","ENSG00000166825",FALSE,0,FALSE,0,FALSE,0
"PROM1","ENSG00000007062",FALSE,0,FALSE,0,TRUE,34
"TNFRSF4","ENSG00000186827",FALSE,0,FALSE,0,FALSE,0
"FLT3","ENSG00000122025",FALSE,0,FALSE,0,FALSE,0
"TNFRSF9","ENSG00000049249",FALSE,0,FALSE,0,FALSE,0
"SDC1","ENSG00000115884",FALSE,0,FALSE,0,FALSE,0
"CD14","ENSG00000170458",FALSE,0,FALSE,0,TRUE,16
"PDGFRA","ENSG00000134853",FALSE,0,FALSE,0,TRUE,12
"PDGFRB","ENSG00000113721",FALSE,0,TRUE,2,TRUE,27
"THBD","ENSG00000178726",TRUE,1,FALSE,0,TRUE,1
"F3","ENSG00000117525",FALSE,0,FALSE,0,FALSE,0
"CDH5","ENSG00000179776",FALSE,0,FALSE,0,FALSE,0
"MCAM","ENSG00000076706",FALSE,0,FALSE,0,FALSE,0
"FUT4","ENSG00000196371",FALSE,0,FALSE,0,TRUE,1
"CTLA4","ENSG00000163599",FALSE,0,FALSE,0,TRUE,2
"CD40LG","ENSG00000102245",FALSE,0,FALSE,0,TRUE,1
"PVR","ENSG00000073008",FALSE,0,FALSE,0,FALSE,0
"KIR2DL1","ENSG00000125498",FALSE,0,FALSE,0,FALSE,0
"KIR2DL3","ENSG00000243772",FALSE,0,FALSE,0,FALSE,0
"KIR3DL1","ENSG00000167633",FALSE,0,FALSE,0,FALSE,0
"KIR2DL5A","ENSG00000274143",FALSE,0,FALSE,0,FALSE,0
"FCGR3A","ENSG00000203747",FALSE,0,FALSE,0,TRUE,3
"KLRB1","ENSG00000111796",FALSE,0,FALSE,0,TRUE,1
"CD163","ENSG00000177575",FALSE,0,FALSE,0,TRUE,4
"CD164","ENSG00000135535",FALSE,0,FALSE,0,TRUE,16
"SIGLEC1","ENSG00000088827",FALSE,0,FALSE,0,FALSE,0
"L1CAM","ENSG00000198910",FALSE,0,FALSE,0,FALSE,0
"SIRPA","ENSG00000198053",FALSE,0,TRUE,2,TRUE,6
"CD177","ENSG00000204936",FALSE,0,FALSE,0,FALSE,0
"FASLG","ENSG00000117560",FALSE,0,FALSE,0,TRUE,1
"ITGB2","ENSG00000160255",FALSE,0,FALSE,0,TRUE,8
"CXCR4","ENSG00000121966",FALSE,0,TRUE,1,TRUE,7
"CXCR5","ENSG00000160683",FALSE,0,FALSE,0,FALSE,0
"CXCR6","ENSG00000172215",FALSE,0,FALSE,0,TRUE,2
"CD19","ENSG00000177455",FALSE,0,FALSE,0,FALSE,0
"CCR2","ENSG00000121807",FALSE,0,FALSE,0,TRUE,7
"CCR3","ENSG00000183625",FALSE,0,FALSE,0,TRUE,2
"CCR4","ENSG00000183813",FALSE,0,FALSE,0,FALSE,0
"CCR5","ENSG00000160791",FALSE,0,FALSE,0,TRUE,5
"CCR6","ENSG00000112486",FALSE,0,FALSE,0,TRUE,10
"CCR9","ENSG00000173585",FALSE,0,TRUE,1,TRUE,3
"CD1A","ENSG00000158477",FALSE,0,FALSE,0,TRUE,4
"CD1C","ENSG00000158481",FALSE,0,FALSE,0,TRUE,2
"CD1D","ENSG00000158473",FALSE,0,FALSE,0,TRUE,5
"CD2","ENSG00000116824",FALSE,0,FALSE,0,TRUE,2
"MS4A1","ENSG00000156738",FALSE,0,FALSE,0,TRUE,7
"CD200","ENSG00000091972",FALSE,0,FALSE,0,TRUE,72
"PROCR","ENSG00000101000",FALSE,0,FALSE,0,FALSE,0
"TEK","ENSG00000120156",TRUE,3,FALSE,0,TRUE,30
"ENPP3","ENSG00000154269",FALSE,0,FALSE,0,TRUE,1
"MSR1","ENSG00000038945",FALSE,0,FALSE,0,TRUE,9
"LY75","ENSG00000054219",FALSE,0,FALSE,0,FALSE,0
"MRC1","ENSG00000260314",FALSE,0,TRUE,1,FALSE,0
"CD207","ENSG00000116031",FALSE,0,FALSE,0,FALSE,0
"CD209","ENSG00000090659",FALSE,0,FALSE,0,FALSE,0
"CR2","ENSG00000117322",FALSE,0,FALSE,0,FALSE,0
"CD22","ENSG00000012124",FALSE,0,FALSE,0,TRUE,26
"LAG3","ENSG00000089692",FALSE,0,FALSE,0,FALSE,0
"CD226","ENSG00000150637",FALSE,0,FALSE,0,TRUE,18
"GYPA","ENSG00000170180",FALSE,0,FALSE,0,TRUE,3
"CD24","ENSG00000272398",FALSE,0,TRUE,1,TRUE,9
"ABCB1","ENSG00000085563",FALSE,0,FALSE,0,TRUE,12
"CD244","ENSG00000122223",FALSE,0,FALSE,0,FALSE,0
"IL2RA","ENSG00000134460",FALSE,0,FALSE,0,TRUE,6
"TNFSF4","ENSG00000117586",FALSE,0,FALSE,0,TRUE,1
"TNFSF10","ENSG00000121858",FALSE,0,FALSE,0,FALSE,0
"DPP4","ENSG00000197635",FALSE,0,FALSE,0,TRUE,1
"TNFRSF13B","ENSG00000240505",FALSE,0,FALSE,0,FALSE,0
"TNFRSF13C","ENSG00000159958",FALSE,0,FALSE,0,FALSE,0
"TNFRSF17","ENSG00000048462",FALSE,0,FALSE,0,FALSE,0
"CD27","ENSG00000139193",FALSE,0,FALSE,0,TRUE,1
"TNFRSF14","ENSG00000157873",FALSE,0,FALSE,0,TRUE,2
"NGFR","ENSG00000064300",FALSE,0,FALSE,0,FALSE,0
"BTLA","ENSG00000186265",FALSE,0,FALSE,0,TRUE,4
"PDCD1LG2","ENSG00000197646",FALSE,0,FALSE,0,TRUE,4
"CD274","ENSG00000120217",FALSE,0,FALSE,0,FALSE,0
"ICOSLG","ENSG00000160223",FALSE,0,FALSE,0,TRUE,9
"ICOS","ENSG00000163600",FALSE,0,FALSE,0,FALSE,0
"PDCD1","ENSG00000188389",FALSE,0,FALSE,0,FALSE,0
"CD28","ENSG00000178562",FALSE,0,FALSE,0,TRUE,6
"TLR4","ENSG00000136869",FALSE,0,TRUE,1,TRUE,25
"ITGB1","ENSG00000150093",FALSE,0,FALSE,0,FALSE,0
"PTGDR2","ENSG00000183134",FALSE,0,FALSE,0,FALSE,0
"CD3D","ENSG00000167286",FALSE,0,FALSE,0,TRUE,4
"CD3E","ENSG00000198851",FALSE,0,FALSE,0,TRUE,7
"TNFRSF8","ENSG00000120949",FALSE,0,FALSE,0,TRUE,7
"CLEC10A","ENSG00000132514",FALSE,0,FALSE,0,TRUE,9
"CLEC4C","ENSG00000198178",FALSE,0,FALSE,0,TRUE,15
"NRP1","ENSG00000099250",FALSE,0,FALSE,0,TRUE,18
"LAIR1","ENSG00000167613",FALSE,0,FALSE,0,TRUE,14
"FCRL3","ENSG00000160856",FALSE,0,FALSE,0,TRUE,6
"FCRL4","ENSG00000163518",FALSE,0,FALSE,0,TRUE,1
"FCRL5","ENSG00000143297",FALSE,0,FALSE,0,TRUE,4
"KDR","ENSG00000128052",FALSE,0,FALSE,0,TRUE,1
"PECAM1","ENSG00000261371",FALSE,0,FALSE,0,TRUE,2
"KLRK1","ENSG00000213809",FALSE,0,FALSE,0,TRUE,16
"SLAMF7","ENSG00000026751",FALSE,0,FALSE,0,TRUE,34
"CDH1","ENSG00000039068",FALSE,0,FALSE,0,TRUE,114
"CDH2","ENSG00000170558",FALSE,0,FALSE,0,TRUE,4
"NCR1","ENSG00000189430",FALSE,0,FALSE,0,FALSE,0
"NCR3","ENSG00000204475",FALSE,0,FALSE,0,TRUE,6
"ABCG2","ENSG00000118777",FALSE,0,TRUE,2,TRUE,16
"CD34","ENSG00000174059",FALSE,0,FALSE,0,FALSE,0
"ERBB2","ENSG00000141736",FALSE,0,FALSE,0,TRUE,126
"CR1","ENSG00000203710",FALSE,0,FALSE,0,TRUE,88
"TREM1","ENSG00000124731",FALSE,0,FALSE,0,FALSE,0
"TNFRSF18","ENSG00000186891",FALSE,0,FALSE,0,FALSE,0
"CD36","ENSG00000135218",FALSE,0,TRUE,4,TRUE,82
"HAVCR2","ENSG00000135077",FALSE,0,FALSE,0,FALSE,0
"CLEC9A","ENSG00000197992",FALSE,0,FALSE,0,TRUE,21
"CD38","ENSG00000004468",FALSE,0,FALSE,0,FALSE,0
"ENTPD1","ENSG00000138185",FALSE,0,TRUE,2,TRUE,37
"CD4","ENSG00000010610",FALSE,0,FALSE,0,TRUE,22
"CD40","ENSG00000101017",FALSE,0,FALSE,0,FALSE,0
"ITGA2B","ENSG00000005961",FALSE,0,FALSE,0,TRUE,30
"GP1BB","ENSG00000203618",FALSE,0,FALSE,0,FALSE,0
"SPN","ENSG00000197471",FALSE,0,FALSE,0,FALSE,0
"CD44","ENSG00000026508",FALSE,0,FALSE,0,FALSE,0
"PTPRC","ENSG00000081237",FALSE,0,FALSE,0,TRUE,6
"CD46","ENSG00000117335",FALSE,0,FALSE,0,TRUE,12
"CD47","ENSG00000196776",FALSE,0,FALSE,0,FALSE,0
"CD48","ENSG00000117091",FALSE,0,FALSE,0,FALSE,0
"ITGA1","ENSG00000213949",FALSE,0,FALSE,0,TRUE,6
"ITGA2","ENSG00000164171",FALSE,0,FALSE,0,FALSE,0
"ITGA4","ENSG00000115232",FALSE,0,FALSE,0,TRUE,3
"CD52","ENSG00000169442",FALSE,0,FALSE,0,FALSE,0
"ICAM1","ENSG00000090339",FALSE,0,FALSE,0,FALSE,0
"CD55","ENSG00000196352",FALSE,0,FALSE,0,FALSE,0
"NCAM1","ENSG00000149294",FALSE,0,FALSE,0,FALSE,0
"B3GAT1","ENSG00000109956",FALSE,0,TRUE,3,TRUE,14
"CD59","ENSG00000085063",FALSE,0,FALSE,0,TRUE,26
"ITGB3","ENSG00000259207",FALSE,0,FALSE,0,FALSE,0
"SELE","ENSG00000007908",FALSE,0,FALSE,0,FALSE,0
"SELP","ENSG00000174175",FALSE,0,FALSE,0,FALSE,0
"CD63","ENSG00000135404",FALSE,0,TRUE,1,TRUE,11
"FCGR1A","ENSG00000150337",FALSE,0,FALSE,0,TRUE,2
"CEACAM1","ENSG00000079385",FALSE,0,FALSE,0,FALSE,0
"CEACAM8","ENSG00000124469",FALSE,0,FALSE,0,FALSE,0
"CD68","ENSG00000129226",FALSE,0,FALSE,0,FALSE,0
"CD69","ENSG00000110848",FALSE,0,FALSE,0,FALSE,0
"CD70","ENSG00000125726",FALSE,0,FALSE,0,FALSE,0
"TFRC","ENSG00000072274",FALSE,0,TRUE,1,TRUE,24
"CD72","ENSG00000137101",FALSE,0,FALSE,0,TRUE,1
"NT5E","ENSG00000135318",FALSE,0,FALSE,0,TRUE,3
"CD79A","ENSG00000105369",FALSE,0,FALSE,0,FALSE,0
"CD79B","ENSG00000007312",FALSE,0,FALSE,0,FALSE,0
"CD8A","ENSG00000153563",FALSE,0,TRUE,1,TRUE,62
"CD80","ENSG00000121594",FALSE,0,FALSE,0,TRUE,1
"CD81","ENSG00000110651",FALSE,0,FALSE,0,TRUE,5
"CD83","ENSG00000112149",FALSE,0,FALSE,0,TRUE,2
"LILRA4","ENSG00000239961",FALSE,0,FALSE,0,TRUE,1
"CD86","ENSG00000114013",FALSE,0,FALSE,0,TRUE,14
"CD9","ENSG00000010278",FALSE,0,FALSE,0,TRUE,1
"THY1","ENSG00000154096",FALSE,0,FALSE,0,TRUE,17
"CD93","ENSG00000125810",FALSE,0,FALSE,0,FALSE,0
"FAS","ENSG00000026103",FALSE,0,FALSE,0,FALSE,0
"CD96","ENSG00000153283",FALSE,0,FALSE,0,TRUE,3
"SLC3A2","ENSG00000168003",FALSE,0,TRUE,1,TRUE,4
"CD99","ENSG00000002586",FALSE,0,FALSE,0,FALSE,0
"CLEC12A","ENSG00000172322",FALSE,0,FALSE,0,TRUE,3
"CLEC1B","ENSG00000165682",FALSE,0,FALSE,0,TRUE,8
"CX3CR1","ENSG00000168329",FALSE,0,FALSE,0,TRUE,4
"FOLR2","ENSG00000165457",FALSE,0,FALSE,0,TRUE,20
"LGALS9C","ENSG00000171916",FALSE,0,FALSE,0,FALSE,0
"IL6ST","ENSG00000134352",FALSE,0,TRUE,10,TRUE,74
"HLA-DRA","ENSG00000204287",FALSE,0,FALSE,0,FALSE,0
"IGHD","ENSG00000211898",FALSE,0,FALSE,0,FALSE,0
"IGHM","ENSG00000211899",FALSE,0,FALSE,0,FALSE,0
"ITGB7","ENSG00000139626",FALSE,0,FALSE,0,TRUE,1
"OLR1","ENSG00000173391",FALSE,0,FALSE,0,FALSE,0
"MERTK","ENSG00000153208",FALSE,0,FALSE,0,FALSE,0
"NOTCH1","ENSG00000148400",FALSE,0,FALSE,0,FALSE,0
"NOTCH3","ENSG00000074181",FALSE,0,FALSE,0,FALSE,0
"PDPN","ENSG00000162493",FALSE,0,FALSE,0,TRUE,10
"SIGLEC8","ENSG00000105366",FALSE,0,FALSE,0,FALSE,0
"TIGIT","ENSG00000181847",FALSE,0,FALSE,0,FALSE,0
"TIMD4","ENSG00000145850",FALSE,0,FALSE,0,FALSE,0
"CRLF2","ENSG00000205755",FALSE,0,FALSE,0,TRUE,11
"FLT4","ENSG00000037280",FALSE,0,FALSE,0,FALSE,0
"XCR1","ENSG00000173578",FALSE,0,FALSE,0,TRUE,12
"MME","ENSG00000196549",FALSE,0,FALSE,0,TRUE,16
"CXCR3","ENSG00000186810",FALSE,0,FALSE,0,TRUE,4
"CCR7","ENSG00000126353",FALSE,0,FALSE,0,TRUE,11
"FCGR2A","ENSG00000143226",FALSE,0,FALSE,0,FALSE,0
"CD33","ENSG00000105383",FALSE,0,FALSE,0,FALSE,0
"CD5","ENSG00000110448",FALSE,0,FALSE,0,TRUE,7
"SELL","ENSG00000188404",FALSE,0,FALSE,0,TRUE,9
"CD7","ENSG00000173762",FALSE,0,FALSE,0,FALSE,0
"HLA-A","ENSG00000206503",FALSE,0,FALSE,0,FALSE,0
"IGHA1","ENSG00000211895",FALSE,0,FALSE,0,FALSE,0
"KLRG1","ENSG00000139187",FALSE,0,FALSE,0,TRUE,10
