"RNA_gene","n_sites","chromosomes","strands","refseq_ids"
"ABCG2",2,"chr4","-","NM_001348987.1;NM_004827.3"
"B3GAT1",3,"chr11","-","NM_001367973.1;NM_018644.3;NM_054025.3"
"CCR9",1,"chr3","+","NM_001256369.1"
"CD24",1,"chr6","-","NM_013230.3"
"CD36",4,"chr7","+","NM_001289911.2;NM_001371080.1"
"CD63",1,"chr12","-","NM_001267698.1"
"CD8A",1,"chr2","-","NM_001145873.1"
"CXCR4",1,"chr2","-","NM_001008540.2"
"ENG",1,"chr9","-","NM_001114753.2"
"ENTPD1",2,"chr10","+","NM_001098175.2;NM_001164182.2"
"IL6ST",10,"chr5","-","NM_001190981.2;NM_001364275.2;NM_001364276.2;NM_002184.4;NM_175767.3"
"MRC1",1,"chr10","+","NM_002438.4"
"PDGFRB",2,"chr5","-","NM_001355016.2;NM_001355017.2"
"SIRPA",2,"chr20","+","NM_001040022.1;NM_001330728.1"
"SLC3A2",1,"chr11","+","NM_001013251.3"
"TFRC",1,"chr3","-","NM_001313965.2"
"TLR4",1,"chr9","+","NM_138557.3"
